112	272	1577837526
90	272	1577837572
162	35	1577839360
279	149	1577840001
69	67	1577840604
44	127	1577842857
277	221	1577843382
294	182	1577844961
74	36	1577845218
16	289	1577846345
150	8	1577846955
11	145	1577847361
125	183	1577847914
52	41	1577849040
3	193	1577850770
79	80	1577852706
289	203	1577853528
110	235	1577854277
169	118	1577854936
279	165	1577856113
292	171	1577856142
169	196	1577856569
197	167	1577856828
135	198	1577857661
80	36	1577858432
125	59	1577859041
290	102	1577859853
119	41	1577862285
279	155	1577862900
116	149	1577863910
12	67	1577864810
74	18	1577864843
290	194	1577865483
186	167	1577865560
237	145	1577865706
279	143	1577866244
58	36	1577867111
185	43	1577867535
279	8	1577867584
40	179	1577868158
101	74	1577868779
216	137	1577868892
22	193	1577869206
79	294	1577869462
22	162	1577870772
185	289	1577872414
234	259	1577872574
40	74	1577872792
235	43	1577873147
114	59	1577873996
150	199	1577874250
171	259	1577875939
279	63	1577877487
293	56	1577878388
17	11	1577878704
25	162	1577880169
52	294	1577880733
180	102	1577880820
14	67	1577880857
53	196	1577882905
94	54	1577886657
58	74	1577887005
13	169	1577887128
56	167	1577887768
162	163	1577887849
171	175	1577887916
101	80	1577889183
8	143	1577889794
221	143	1577890224
15	79	1577891121
218	221	1577891177
294	167	1577891296
68	199	1577891721
116	248	1577891869
81	67	1577892524
49	196	1577892733
118	198	1577893925
40	185	1577894454
12	94	1577894705
12	171	1577894754
287	218	1577894808
176	294	1577895246
22	93	1577895791
15	214	1577896492
110	67	1577896629
290	93	1577897689
110	147	1577897701
57	22	1577897746
97	272	1577897869
289	54	1577898061
140	71	1577898821
135	68	1577899016
216	147	1577899077
90	237	1577899318
63	218	1577900317
240	248	1577900454
43	54	1577900793
13	182	1577901599
287	117	1577902962
140	3	1577903800
114	137	1577904361
290	282	1577904689
235	137	1577905127
110	196	1577906416
167	182	1577906808
179	56	1577907345
11	264	1577907598
97	90	1577907921
273	263	1577908382
183	167	1577908610
277	240	1577909860
110	49	1577910059
111	93	1577912254
93	102	1577912256
162	93	1577913356
293	183	1577914847
18	186	1577915869
16	74	1577916920
287	49	1577917101
71	35	1577917967
199	127	1577918360
193	83	1577918949
15	80	1577919344
71	172	1577919760
22	164	1577920379
214	79	1577922790
125	56	1577923156
118	85	1577923571
258	74	1577925147
56	110	1577925268
180	18	1577925999
127	11	1577926480
22	152	1577926579
90	142	1577927282
293	165	1577927488
52	274	1577928077
194	11	1577928883
52	216	1577929143
180	110	1577929829
117	64	1577930068
119	63	1577931136
282	155	1577931172
294	278	1577931485
197	143	1577931530
25	208	1577931809
263	94	1577932192
292	93	1577932832
272	93	1577933789
97	90	1577935215
240	162	1577935939
80	90	1577936178
172	41	1577936222
143	96	1577937350
74	69	1577937493
203	59	1577937608
94	164	1577938096
79	54	1577938420
171	216	1577938492
97	218	1577939211
229	254	1577939705
58	93	1577939740
150	197	1577939814
17	274	1577940238
258	116	1577940475
44	11	1577940981
171	24	1577941520
118	272	1577942164
18	101	1577942540
25	170	1577942642
71	47	1577943453
56	183	1577946038
203	193	1577946071
273	234	1577948078
263	254	1577950096
248	136	1577950352
175	229	1577951001
112	199	1577951505
188	22	1577951677
16	17	1577952215
265	164	1577952238
235	216	1577953739
240	97	1577953975
214	283	1577954147
182	90	1577954386
229	94	1577955125
264	200	1577956053
117	279	1577957982
40	155	1577959246
273	182	1577959360
118	135	1577959542
293	287	1577959866
7	152	1577961852
49	114	1577962735
140	185	1577962808
185	279	1577963093
47	246	1577965419
56	109	1577965637
54	283	1577965822
127	135	1577966192
235	67	1577966264
229	165	1577966913
258	3	1577970155
163	229	1577970212
198	162	1577970653
172	272	1577970737
13	235	1577971347
290	11	1577971766
289	49	1577971829
54	12	1577973125
44	57	1577974140
119	15	1577975384
282	283	1577975840
293	117	1577976692
8	192	1577976716
71	237	1577977579
36	93	1577978135
57	101	1577978376
143	183	1577979072
96	208	1577979587
186	90	1577981315
69	102	1577981338
186	3	1577981487
259	274	1577981956
147	126	1577982445
289	292	1577982659
178	126	1577982669
97	69	1577982800
278	152	1577983236
140	287	1577984052
14	34	1577985622
282	7	1577985981
125	81	1577987339
68	69	1577987460
79	197	1577987769
59	143	1577989239
246	24	1577989463
198	11	1577990471
136	126	1577991547
57	85	1577992155
54	34	1577992741
240	273	1577993657
36	293	1577994004
169	59	1577994007
13	24	1577994564
167	208	1577995074
263	264	1577995841
127	57	1577996784
43	221	1577997200
167	178	1577999924
248	120	1578000058
71	216	1578000183
182	143	1578000382
3	74	1578001012
199	25	1578001316
287	63	1578001469
54	210	1578001501
274	24	1578002554
162	213	1578002930
16	114	1578003164
265	41	1578003823
293	146	1578003894
127	290	1578004405
237	170	1578005030
237	152	1578006178
294	22	1578006483
287	146	1578007019
175	164	1578007309
11	69	1578007523
149	18	1578007718
294	79	1578008089
8	34	1578008297
71	199	1578009041
193	183	1578009563
171	231	1578010671
200	30	1578012637
85	20	1578013318
80	57	1578013569
48	66	1578014700
59	268	1578014876
96	57	1578014999
174	207	1578015530
67	224	1578015538
85	237	1578015558
109	74	1578015977
214	43	1578016224
182	213	1578016232
197	36	1578016305
278	140	1578017452
278	274	1578019164
57	41	1578019237
116	17	1578019936
85	274	1578020246
200	261	1578021402
208	81	1578021845
142	67	1578022272
265	135	1578022289
127	63	1578023517
171	8	1578023689
54	147	1578025172
164	265	1578025659
196	17	1578026006
119	187	1578026464
47	221	1578026739
279	104	1578027155
217	107	1578027561
188	198	1578028065
263	30	1578028430
292	66	1578028509
277	93	1578029810
68	18	1578030319
272	8	1578030485
79	53	1578030532
170	209	1578031703
186	20	1578032039
272	179	1578034481
229	35	1578035113
71	259	1578035329
147	261	1578035690
140	213	1578036341
15	218	1578037231
20	165	1578037799
114	45	1578039152
20	198	1578041152
164	16	1578041285
12	48	1578041696
188	24	1578042095
79	11	1578042141
71	246	1578042447
126	199	1578044264
15	163	1578044288
164	163	1578044658
194	16	1578045572
294	66	1578046263
24	213	1578046477
116	81	1578046830
74	224	1578047053
57	275	1578047427
210	18	1578047567
182	107	1578047638
58	127	1578048585
93	20	1578049196
196	152	1578049291
289	171	1578050041
263	74	1578050570
272	174	1578050588
127	276	1578051427
167	110	1578051453
180	44	1578051891
79	287	1578052517
217	276	1578053252
14	175	1578053852
287	264	1578054044
140	20	1578054189
167	53	1578054868
69	194	1578054953
109	54	1578055854
57	287	1578057116
213	124	1578057520
111	32	1578057543
174	187	1578057564
47	126	1578058167
8	240	1578058515
182	274	1578059951
258	41	1578060239
200	54	1578061143
142	187	1578061229
167	44	1578061860
273	153	1578062105
283	35	1578062210
111	59	1578062455
58	175	1578062827
152	49	1578064076
203	218	1578064202
182	218	1578064405
171	240	1578066082
68	59	1578067219
164	182	1578068529
235	224	1578068628
58	107	1578069046
234	214	1578069530
152	81	1578070475
164	198	1578070741
289	224	1578070786
52	13	1578071280
207	187	1578071694
93	140	1578072900
152	43	1578073071
24	45	1578074466
289	32	1578074791
80	268	1578074878
272	32	1578074908
289	30	1578074973
175	107	1578075146
208	290	1578075473
259	218	1578075693
200	225	1578075849
283	187	1578076331
272	59	1578077066
47	235	1578077099
69	265	1578077612
77	39	1578077669
196	235	1578079524
282	136	1578079945
248	120	1578081109
63	124	1578081670
71	295	1578081799
57	59	1578082112
135	260	1578082716
7	275	1578083216
101	142	1578083238
96	52	1578083474
101	119	1578084347
203	246	1578084591
254	67	1578085198
162	60	1578085318
277	20	1578085706
94	36	1578086060
3	277	1578087169
118	221	1578087917
147	39	1578088566
14	209	1578088916
49	275	1578089116
54	30	1578089690
196	214	1578090134
182	16	1578090258
203	197	1578090616
294	48	1578091289
192	207	1578091451
196	34	1578091522
25	35	1578091803
71	36	1578092838
80	68	1578093353
146	289	1578093615
85	248	1578093676
246	18	1578093736
15	45	1578094944
44	46	1578095355
192	179	1578095941
186	17	1578096887
295	292	1578097382
41	231	1578097617
171	292	1578099219
197	196	1578099442
214	143	1578099527
36	254	1578100818
200	248	1578101806
93	63	1578104292
196	69	1578105064
67	34	1578105694
153	118	1578106082
260	172	1578107101
294	47	1578107138
174	43	1578107746
263	24	1578108198
146	125	1578108924
197	162	1578109538
143	160	1578109703
261	12	1578109886
110	147	1578110021
66	124	1578110335
169	77	1578110927
186	182	1578113758
119	137	1578113842
172	69	1578114198
96	246	1578114242
93	240	1578115127
59	79	1578115758
204	275	1578116203
215	34	1578117802
8	194	1578117916
172	11	1578118216
104	107	1578118227
85	54	1578119283
214	74	1578119583
110	275	1578121630
214	125	1578122188
287	66	1578122326
60	15	1578123479
107	170	1578124971
125	246	1578125098
40	179	1578127722
46	214	1578127775
260	81	1578127816
118	149	1578128321
66	142	1578128536
118	278	1578128990
40	278	1578129119
127	101	1578129913
16	57	1578131180
32	188	1578131247
136	24	1578132170
57	164	1578132739
235	167	1578134185
185	235	1578134200
229	25	1578134253
120	3	1578134722
194	143	1578135289
119	185	1578135378
32	265	1578135469
137	68	1578135692
186	152	1578135932
7	17	1578137180
185	107	1578137830
287	140	1578138030
263	188	1578138523
57	137	1578138714
111	185	1578139193
63	224	1578139463
149	52	1578139544
259	273	1578139874
171	273	1578141215
174	172	1578142388
152	165	1578142531
218	289	1578143124
153	126	1578143333
25	180	1578143843
254	56	1578145036
57	278	1578145290
67	77	1578145412
111	137	1578145792
104	150	1578145903
263	207	1578146493
229	44	1578146829
231	170	1578147266
57	213	1578147502
198	34	1578147864
163	192	1578148198
63	56	1578148378
203	124	1578148534
90	116	1578149483
258	240	1578149627
229	292	1578150238
54	3	1578150522
36	277	1578150827
194	74	1578151194
20	69	1578151460
264	254	1578152420
259	183	1578152441
136	39	1578152973
60	120	1578153469
259	109	1578153700
180	273	1578154429
175	68	1578154830
67	215	1578154860
110	97	1578156012
214	30	1578156505
69	120	1578156694
7	182	1578158784
237	264	1578158814
224	140	1578159277
194	192	1578159469
58	187	1578160357
178	188	1578160634
110	96	1578160985
96	101	1578161444
59	143	1578161597
48	165	1578162402
12	142	1578162935
90	14	1578163166
277	45	1578163999
104	109	1578164302
44	292	1578166040
218	69	1578166373
36	240	1578167256
214	204	1578167516
214	40	1578168102
174	15	1578168642
49	67	1578168710
49	282	1578169005
53	107	1578169137
260	185	1578169339
221	125	1578169822
210	20	1578169905
104	259	1578170967
107	231	1578171397
58	81	1578171481
53	167	1578172089
135	97	1578172315
69	54	1578173147
214	283	1578173624
110	125	1578173831
276	124	1578173833
119	231	1578173908
263	274	1578174240
237	36	1578174372
263	32	1578174386
287	210	1578175064
200	59	1578176304
110	283	1578176828
268	192	1578177289
118	203	1578177924
58	235	1578178955
24	274	1578179012
276	215	1578179647
18	97	1578180545
18	146	1578180769
147	125	1578180803
259	171	1578181332
124	34	1578182193
39	180	1578182332
261	265	1578182567
290	74	1578182900
235	282	1578183893
196	299	1578184020
147	260	1578185031
246	16	1578185773
30	11	1578186462
79	244	1578186779
248	104	1578186951
167	127	1578187993
289	120	1578188248
41	196	1578188710
240	119	1578188905
169	248	1578189419
194	16	1578189544
120	208	1578190393
56	224	1578190479
217	156	1578191183
160	246	1578191285
79	101	1578192061
268	282	1578192125
124	140	1578192230
174	75	1578192671
234	172	1578192748
111	107	1578193139
56	253	1578193633
94	164	1578193806
74	69	1578193885
213	77	1578194029
69	184	1578194345
96	109	1578194603
240	120	1578194971
56	222	1578195075
246	260	1578195112
110	92	1578195533
197	223	1578195637
278	63	1578195672
165	180	1578195694
292	75	1578196126
43	24	1578196245
261	159	1578196560
276	239	1578197148
58	289	1578197539
282	149	1578198165
162	44	1578198939
126	44	1578201726
200	296	1578201782
164	51	1578201824
127	225	1578202013
56	57	1578202208
36	72	1578202531
169	280	1578202991
124	118	1578203490
116	14	1578203719
52	203	1578204026
265	146	1578204202
59	149	1578204310
188	234	1578204405
204	153	1578204696
146	33	1578204791
259	179	1578205059
40	125	1578206632
289	184	1578206855
48	127	1578207301
71	152	1578207660
275	136	1578208571
44	182	1578208865
48	156	1578209341
12	272	1578209525
68	253	1578209883
59	57	1578210172
135	50	1578211967
215	83	1578212054
120	67	1578212220
63	44	1578213286
114	218	1578213535
183	258	1578215107
17	54	1578216040
200	202	1578216201
292	61	1578216626
289	299	1578216910
215	34	1578216924
61	243	1578217020
153	51	1578217134
235	40	1578217161
25	24	1578217168
215	163	1578217600
39	119	1578218602
25	136	1578219299
24	223	1578219898
111	85	1578220648
74	287	1578221007
147	246	1578221054
114	180	1578221380
63	27	1578221571
58	93	1578222816
147	40	1578224174
66	44	1578224279
295	276	1578224310
152	2	1578225146
254	191	1578225797
277	135	1578226407
96	50	1578226695
204	28	1578227201
14	237	1578227461
221	299	1578227471
160	125	1578228338
97	191	1578228436
290	217	1578229694
289	72	1578230818
40	47	1578231030
165	136	1578231597
204	45	1578231612
97	75	1578232038
142	134	1578232396
156	92	1578232606
41	280	1578232985
171	140	1578233138
178	59	1578233193
94	2	1578233268
240	222	1578233898
274	276	1578234147
272	24	1578234482
54	118	1578234496
48	280	1578236045
190	223	1578236256
14	120	1578236662
97	167	1578236666
127	229	1578236721
85	239	1578237270
207	104	1578237397
265	263	1578237404
167	33	1578237892
290	18	1578238447
46	179	1578238934
169	217	1578239311
44	166	1578239467
41	127	1578239838
109	144	1578240037
289	93	1578240828
277	47	1578240940
259	137	1578241256
116	83	1578241551
196	181	1578242451
187	203	1578243356
153	159	1578244127
111	143	1578244471
63	83	1578244636
63	90	1578244824
49	43	1578245247
275	12	1578245357
30	203	1578245673
6	202	1578246046
153	71	1578246506
209	120	1578246749
97	295	1578247029
101	244	1578248211
258	51	1578250140
39	296	1578250516
119	202	1578250893
218	24	1578250895
208	196	1578252590
273	198	1578252606
25	223	1578253195
14	168	1578253368
11	75	1578253719
97	184	1578253968
45	51	1578254102
209	299	1578254445
152	51	1578254758
120	200	1578254961
32	153	1578255028
272	27	1578255323
43	232	1578256152
283	143	1578256356
67	202	1578256664
118	172	1578257270
7	198	1578257305
209	3	1578257343
63	231	1578257466
214	90	1578258166
229	110	1578258772
119	47	1578259414
90	166	1578259461
20	159	1578259696
15	144	1578260260
200	6	1578260394
74	104	1578261071
52	243	1578262002
30	243	1578262831
7	172	1578263700
140	134	1578264065
74	156	1578264331
200	67	1578264611
213	283	1578265786
150	274	1578266048
213	97	1578266168
69	244	1578266530
135	200	1578267723
46	243	1578268073
6	2	1578268224
178	216	1578268957
152	125	1578269664
137	48	1578270188
272	20	1578270970
251	27	1578271240
52	156	1578271241
71	291	1578271742
120	272	1578272888
289	160	1578273604
210	19	1578273916
200	182	1578273936
275	251	1578274030
134	126	1578274097
60	162	1578274410
71	19	1578274455
260	39	1578274493
36	277	1578274886
268	216	1578276128
164	33	1578277039
66	115	1578277823
52	81	1578278682
52	229	1578278822
186	32	1578278904
126	197	1578279002
168	181	1578279544
156	108	1578280039
167	149	1578280669
49	127	1578281014
223	240	1578281422
246	294	1578282329
231	155	1578283030
163	280	1578283064
265	178	1578283655
207	34	1578284203
224	205	1578284309
204	47	1578285562
28	190	1578285882
231	53	1578286129
232	125	1578286348
222	90	1578286458
194	69	1578287014
2	119	1578287150
264	296	1578287198
243	234	1578287505
25	202	1578287962
144	260	1578288049
199	59	1578288281
223	292	1578288403
46	182	1578288492
46	265	1578289425
203	124	1578289669
124	9	1578289919
295	69	1578289934
101	241	1578290506
282	214	1578290537
268	188	1578290602
27	181	1578290783
7	136	1578291156
97	277	1578291586
163	220	1578291838
81	207	1578292055
203	179	1578292280
192	142	1578292397
33	269	1578292639
46	39	1578293298
77	297	1578294546
272	28	1578295322
60	231	1578295902
183	20	1578296417
280	237	1578296523
289	259	1578296686
92	174	1578297189
134	165	1578297481
7	125	1578297552
162	276	1578298015
232	127	1578298069
59	45	1578298879
66	74	1578298922
248	254	1578298945
224	125	1578298991
134	107	1578299175
60	155	1578299473
57	172	1578300110
71	89	1578300738
162	150	1578301775
12	94	1578302650
147	196	1578302959
111	181	1578303302
179	260	1578303313
164	160	1578303449
27	47	1578303471
179	166	1578304647
168	17	1578305580
186	278	1578305606
156	34	1578305952
232	131	1578306941
215	203	1578308838
246	259	1578311276
265	268	1578312083
58	109	1578313714
153	243	1578314024
39	119	1578314743
221	225	1578315055
171	74	1578315820
134	186	1578315828
299	182	1578316149
46	34	1578316277
137	34	1578316492
185	187	1578316680
199	292	1578316748
164	269	1578317222
94	69	1578317346
162	53	1578318126
258	293	1578318169
74	234	1578318372
185	243	1578318413
96	285	1578318769
74	90	1578319323
67	108	1578319668
199	85	1578320245
137	81	1578320807
208	20	1578321901
192	180	1578321943
221	293	1578321994
169	207	1578322640
56	85	1578322657
104	276	1578323144
272	261	1578323823
94	76	1578323939
59	96	1578325024
290	64	1578325357
194	94	1578326458
274	240	1578327173
203	69	1578327287
229	35	1578327677
48	35	1578328237
160	294	1578328391
146	64	1578329709
67	156	1578330361
51	207	1578330589
147	16	1578330679
209	205	1578331173
93	49	1578331559
93	231	1578331586
278	47	1578331913
51	27	1578331933
296	47	1578331991
109	174	1578331992
182	39	1578332008
214	109	1578332173
153	63	1578332613
215	9	1578332628
134	24	1578332716
146	17	1578334483
152	7	1578334576
137	67	1578334620
207	14	1578334772
272	128	1578334907
120	93	1578335276
146	240	1578335700
27	6	1578335752
200	118	1578335993
282	16	1578336188
186	251	1578336241
162	8	1578336481
192	43	1578336517
13	15	1578336520
299	114	1578336680
17	79	1578337137
292	149	1578337225
272	135	1578337312
8	297	1578338244
16	149	1578338455
77	235	1578339397
20	279	1578339485
147	239	1578339536
147	134	1578340033
97	254	1578340149
147	223	1578341098
215	237	1578341108
54	119	1578342672
25	214	1578342962
25	107	1578343033
97	75	1578343532
144	12	1578343808
166	144	1578343968
174	132	1578344313
97	125	1578344642
208	224	1578344677
208	205	1578345069
243	74	1578345168
185	66	1578345828
127	131	1578346007
232	152	1578346080
208	191	1578346137
24	68	1578346210
276	297	1578346236
166	76	1578346440
142	293	1578346988
143	127	1578347358
210	291	1578347418
169	285	1578347553
46	99	1578347708
20	205	1578347898
202	40	1578347995
223	181	1578348165
30	216	1578348298
168	101	1578348311
282	18	1578349282
209	263	1578349376
33	261	1578350485
111	17	1578350932
200	216	1578351315
120	292	1578351588
17	240	1578351842
244	132	1578352374
186	207	1578353141
168	223	1578353413
295	94	1578353637
246	71	1578353803
75	90	1578353896
185	63	1578354434
258	223	1578354478
199	128	1578354509
279	148	1578355663
74	118	1578355953
72	232	1578356061
183	259	1578356800
289	95	1578357167
19	70	1578358465
17	252	1578358618
213	160	1578358633
220	48	1578359064
28	85	1578359424
83	53	1578359450
169	227	1578360013
52	265	1578360247
258	93	1578360344
48	155	1578360682
116	130	1578360759
204	102	1578360954
208	53	1578361611
155	278	1578361626
218	41	1578361661
182	66	1578361925
101	204	1578362349
246	253	1578362417
57	192	1578363868
181	30	1578364088
92	72	1578365607
17	68	1578365617
36	39	1578366381
120	284	1578366695
190	269	1578367020
54	274	1578367054
269	290	1578367152
90	121	1578369194
198	122	1578369472
229	54	1578369528
109	89	1578370033
235	153	1578370163
207	40	1578370608
185	155	1578370717
68	188	1578371393
213	249	1578372441
85	252	1578372445
8	102	1578372471
264	295	1578372775
100	50	1578372927
143	0	1578372934
12	156	1578373224
32	128	1578373302
294	148	1578373363
97	122	1578373843
49	252	1578374153
33	203	1578374225
283	268	1578374254
20	71	1578374273
99	155	1578374632
174	14	1578374872
90	282	1578375117
196	63	1578375221
181	0	1578375915
135	253	1578376158
203	233	1578376346
9	81	1578376449
28	61	1578376667
68	163	1578376695
69	53	1578377021
282	144	1578377598
57	246	1578378409
0	249	1578378454
77	266	1578378563
49	85	1578378644
19	232	1578378645
109	273	1578378762
197	231	1578378884
7	199	1578379314
185	257	1578379334
213	215	1578379415
18	0	1578379427
90	6	1578379832
15	278	1578380084
28	116	1578380530
56	205	1578381667
32	13	1578381717
30	278	1578381785
265	124	1578381788
96	247	1578382012
277	53	1578382300
208	247	1578382415
241	203	1578383626
149	214	1578384370
28	49	1578384858
191	35	1578385009
17	19	1578385466
164	272	1578385466
165	77	1578385632
241	247	1578386379
196	264	1578386704
199	75	1578387275
116	111	1578387407
94	190	1578387546
128	13	1578387978
254	134	1578388375
291	285	1578390178
149	60	1578390570
166	12	1578391087
27	144	1578391652
89	284	1578392474
16	269	1578392675
14	39	1578393051
15	47	1578393365
76	175	1578393790
280	121	1578394317
64	95	1578394960
16	159	1578395118
182	74	1578395578
100	297	1578395701
242	283	1578395769
178	192	1578396144
104	97	1578396212
181	94	1578396814
251	0	1578396828
220	284	1578396971
162	241	1578397596
68	93	1578397677
94	47	1578397784
244	146	1578398360
120	89	1578398599
174	254	1578399134
172	175	1578400946
17	101	1578402289
43	180	1578402771
114	218	1578404215
243	172	1578404834
137	89	1578405056
204	119	1578405086
273	91	1578405543
6	144	1578405977
7	133	1578405985
162	205	1578406720
152	147	1578406862
44	190	1578407053
15	69	1578407371
48	79	1578408266
184	49	1578408754
134	233	1578408959
220	11	1578409103
149	51	1578409338
162	203	1578409406
220	12	1578409469
278	227	1578409851
196	231	1578409900
182	210	1578410195
69	91	1578410572
196	200	1578411097
94	16	1578411240
221	24	1578411569
57	253	1578412777
15	41	1578412813
92	42	1578413117
46	284	1578413265
216	79	1578413691
244	35	1578414073
43	205	1578414103
162	62	1578414298
116	108	1578414393
54	0	1578414404
56	126	1578414664
134	252	1578414672
56	58	1578414796
116	85	1578415086
94	265	1578415171
290	119	1578415315
239	159	1578415669
97	198	1578415962
114	74	1578416641
12	292	1578417308
134	87	1578417552
264	283	1578417669
272	76	1578419417
12	79	1578419614
200	250	1578419879
60	24	1578420425
192	200	1578420558
186	257	1578420822
296	233	1578421040
273	283	1578422265
142	9	1578422849
101	232	1578422960
276	11	1578423187
52	41	1578423442
100	221	1578423856
273	242	1578423857
146	153	1578424043
209	162	1578425056
146	266	1578425475
44	16	1578425699
32	224	1578426156
8	119	1578426271
192	27	1578426437
143	215	1578426818
81	144	1578426941
214	122	1578427334
209	95	1578428251
119	70	1578428279
258	202	1578428298
175	233	1578428885
181	215	1578429235
174	203	1578429320
164	96	1578429523
285	63	1578430164
38	95	1578430210
196	0	1578430290
232	42	1578430971
294	150	1578431356
115	261	1578431935
241	3	1578432383
56	71	1578432573
146	223	1578433031
53	38	1578433183
165	135	1578433366
180	133	1578433856
180	126	1578434002
225	170	1578434273
296	172	1578434460
178	63	1578434546
136	58	1578434577
137	69	1578434882
200	40	1578434889
223	170	1578435296
152	231	1578435351
127	204	1578435413
93	2	1578435425
164	162	1578435463
76	36	1578435564
291	235	1578436064
272	14	1578436079
163	118	1578436433
279	121	1578436800
191	146	1578437188
156	202	1578437310
163	66	1578437596
218	15	1578437860
43	71	1578438309
166	11	1578438672
146	235	1578439268
260	237	1578439885
68	299	1578440210
114	258	1578440340
294	81	1578440720
188	232	1578440826
181	147	1578441213
162	249	1578441778
60	264	1578442162
153	278	1578442265
125	181	1578443228
155	242	1578443687
146	130	1578444415
15	93	1578444488
282	68	1578444574
233	160	1578444799
93	174	1578444850
166	218	1578444866
285	93	1578445887
100	199	1578446006
96	54	1578446146
235	125	1578446850
273	283	1578446853
90	89	1578446957
121	45	1578446993
235	168	1578447396
85	72	1578447802
41	60	1578448358
296	115	1578448738
41	78	1578448784
66	72	1578448813
101	61	1578449850
296	130	1578449905
272	223	1578450201
144	111	1578450382
71	91	1578450866
197	89	1578451685
191	163	1578452108
268	92	1578452211
43	174	1578452490
137	63	1578453043
20	94	1578453492
180	72	1578453721
186	11	1578454444
237	160	1578455934
41	131	1578456144
237	36	1578456283
154	202	1578456321
169	48	1578456484
192	216	1578456919
121	127	1578456924
67	174	1578457523
254	182	1578457683
184	174	1578458177
217	250	1578458895
33	239	1578458905
106	166	1578458994
253	266	1578459741
260	156	1578459769
188	44	1578459874
274	119	1578460655
229	264	1578460878
7	63	1578460991
208	218	1578460992
85	223	1578461043
3	71	1578461125
53	95	1578461326
152	32	1578461717
198	231	1578462054
289	248	1578462675
36	14	1578462735
9	214	1578462807
171	242	1578462911
237	291	1578463196
257	76	1578463405
217	35	1578464109
299	276	1578464572
135	181	1578464584
191	77	1578465037
134	232	1578465491
149	28	1578465782
17	264	1578465841
276	119	1578466287
101	159	1578466380
58	199	1578468372
253	227	1578468432
120	291	1578468490
39	81	1578468751
247	246	1578469098
106	208	1578470174
127	174	1578470483
126	30	1578471148
18	246	1578471324
62	242	1578472051
74	248	1578472782
27	198	1578472878
20	53	1578472934
43	54	1578473124
57	171	1578475679
78	95	1578475732
70	242	1578476643
175	174	1578476961
237	202	1578477768
269	216	1578477925
42	223	1578478874
134	205	1578478987
85	76	1578479367
277	282	1578479397
109	127	1578479588
196	242	1578479809
172	30	1578479907
249	190	1578480026
278	128	1578480339
20	48	1578480369
187	66	1578480474
48	220	1578481126
217	63	1578481456
155	246	1578481555
217	31	1578481772
202	87	1578481980
232	240	1578483100
243	116	1578483142
95	225	1578483571
126	172	1578483603
0	250	1578484369
34	116	1578484377
142	250	1578485021
206	242	1578485234
27	74	1578485499
268	91	1578485600
130	64	1578485624
181	8	1578485992
0	159	1578486530
275	49	1578486668
296	66	1578486849
19	229	1578487042
292	51	1578487830
42	116	1578487884
205	174	1578488444
106	35	1578488576
41	93	1578489308
90	216	1578489516
215	171	1578489518
90	221	1578489629
272	142	1578489853
149	159	1578490053
69	121	1578490151
102	8	1578490345
296	111	1578490465
178	52	1578490478
215	68	1578491794
204	296	1578492046
191	28	1578492807
24	294	1578493284
119	164	1578494242
274	239	1578494626
17	39	1578494731
106	118	1578494896
130	214	1578495561
249	78	1578496196
235	102	1578496358
68	57	1578496667
293	46	1578497034
100	83	1578497397
175	289	1578497423
168	124	1578499388
258	52	1578499547
47	11	1578499777
263	36	1578499960
127	45	1578500054
178	150	1578500376
172	15	1578500841
296	127	1578500898
143	299	1578500902
200	149	1578501216
257	142	1578501359
284	252	1578501614
163	297	1578501631
274	227	1578501636
9	147	1578501799
251	70	1578502386
162	109	1578502456
215	57	1578502594
210	184	1578503225
235	181	1578503289
33	274	1578503715
128	199	1578503716
97	147	1578504317
222	170	1578504381
24	63	1578504418
155	9	1578504486
102	275	1578505070
91	168	1578505320
167	168	1578505330
43	27	1578506518
53	156	1578506654
274	259	1578507059
254	218	1578507326
293	52	1578507603
100	187	1578507688
142	34	1578508107
41	191	1578509067
62	171	1578509707
58	66	1578509847
254	166	1578510633
263	264	1578511089
206	247	1578511188
213	203	1578511215
203	102	1578511317
172	0	1578511442
48	94	1578511545
261	214	1578511765
169	108	1578512330
171	188	1578512361
249	156	1578512566
209	76	1578512698
290	131	1578513184
263	290	1578513488
46	45	1578513815
125	167	1578514802
144	234	1578514841
144	42	1578515099
160	87	1578515326
258	46	1578515686
217	294	1578515950
9	249	1578516360
153	199	1578516796
227	218	1578516799
184	30	1578516904
136	53	1578516996
183	294	1578517451
97	115	1578517637
9	279	1578518101
3	268	1578519164
91	170	1578519372
99	147	1578521311
209	66	1578521881
248	174	1578522539
289	205	1578522685
90	269	1578522751
268	269	1578522924
279	115	1578522989
69	127	1578523757
58	147	1578523818
71	268	1578523822
162	91	1578524621
259	182	1578525658
130	183	1578526098
146	140	1578526100
0	93	1578526279
278	66	1578526435
20	260	1578526487
299	104	1578526557
97	296	1578526670
0	295	1578527551
18	109	1578528540
240	147	1578528760
264	223	1578528766
249	149	1578529743
35	221	1578530132
264	150	1578530348
283	20	1578530688
185	8	1578531402
12	97	1578531784
38	28	1578532700
78	100	1578533300
9	41	1578533346
253	35	1578533747
254	295	1578533788
132	276	1578533910
94	99	1578533932
130	93	1578534255
41	273	1578534380
56	83	1578534975
38	121	1578535152
19	222	1578535279
77	197	1578537269
132	153	1578538031
53	109	1578538070
95	15	1578538252
237	150	1578538378
12	96	1578538625
261	168	1578538717
51	147	1578538917
108	143	1578539006
283	247	1578539690
24	227	1578539825
60	260	1578540130
78	127	1578540182
224	207	1578540265
68	16	1578540360
222	87	1578540384
46	104	1578540597
12	237	1578541902
11	143	1578541936
131	207	1578542107
140	11	1578542744
126	264	1578542933
243	67	1578543207
13	85	1578543293
64	162	1578543314
220	118	1578543807
274	257	1578543989
224	294	1578544207
251	85	1578544749
45	131	1578544760
83	272	1578544950
148	13	1578545208
242	96	1578546585
140	197	1578547405
251	13	1578547478
38	111	1578547480
181	200	1578547826
12	264	1578548155
220	277	1578548202
247	241	1578548325
283	152	1578549356
196	231	1578549437
122	89	1578549624
190	294	1578550058
48	87	1578550509
294	210	1578551332
188	250	1578551534
53	265	1578551667
246	134	1578551678
188	87	1578551882
38	297	1578552004
95	276	1578552259
165	126	1578552426
52	101	1578552535
38	50	1578552762
292	191	1578554197
215	131	1578554703
283	153	1578555292
204	218	1578555665
81	146	1578555704
18	28	1578555839
248	188	1578557390
38	46	1578558128
294	32	1578559467
53	3	1578560264
214	287	1578560591
260	121	1578561211
144	205	1578561405
60	249	1578561444
11	85	1578561989
196	217	1578562108
242	43	1578562131
293	49	1578562500
17	100	1578562571
252	30	1578562743
75	160	1578563190
54	253	1578563300
18	13	1578563755
45	115	1578564831
293	243	1578565083
41	220	1578565087
215	199	1578565239
185	277	1578565261
128	202	1578565347
186	188	1578566103
146	7	1578566729
20	265	1578567013
97	278	1578567131
198	20	1578567373
214	114	1578567375
184	165	1578568645
17	175	1578569026
64	294	1578569060
67	32	1578569149
36	252	1578569358
70	18	1578569591
296	175	1578570358
12	287	1578570406
119	268	1578570587
185	99	1578571077
289	188	1578571178
191	207	1578572739
40	2	1578572793
224	215	1578573823
144	169	1578574590
9	0	1578574729
148	130	1578575060
180	31	1578575263
118	273	1578576163
299	48	1578576265
274	14	1578576963
62	137	1578577989
166	203	1578578867
266	61	1578578921
102	42	1578579505
274	128	1578579664
278	101	1578579764
60	121	1578580279
294	66	1578580286
266	143	1578580742
202	143	1578582135
152	147	1578582558
53	152	1578582580
50	30	1578583382
170	149	1578583452
202	260	1578583694
78	260	1578583838
146	209	1578584063
208	102	1578584372
234	227	1578584670
242	9	1578584744
209	276	1578584858
33	99	1578584899
171	120	1578585117
142	75	1578585203
175	16	1578585325
56	91	1578585670
9	263	1578585870
166	299	1578586385
42	15	1578586975
134	169	1578587388
92	67	1578587513
42	95	1578587637
295	24	1578587999
12	234	1578588323
188	104	1578588670
248	48	1578588755
275	221	1578588903
142	182	1578589228
186	104	1578589370
196	290	1578589636
273	8	1578590447
237	285	1578590601
92	13	1578590895
9	162	1578591596
57	163	1578592175
234	35	1578592336
181	204	1578592392
295	96	1578592616
243	162	1578592868
247	51	1578592922
68	114	1578593288
45	171	1578593432
35	101	1578593987
18	47	1578594681
163	252	1578594932
292	216	1578595194
40	279	1578595284
233	116	1578595294
17	133	1578595760
136	16	1578596562
108	76	1578596770
217	244	1578596945
225	104	1578597111
70	47	1578597523
264	48	1578598041
28	225	1578599716
279	87	1578600219
110	115	1578600833
9	210	1578601512
75	272	1578601801
18	261	1578601825
260	261	1578602511
130	6	1578602519
83	229	1578602600
235	87	1578602814
18	218	1578604486
7	278	1578604751
18	3	1578604765
287	87	1578604966
274	284	1578605376
156	93	1578605883
170	182	1578606687
28	188	1578606943
184	232	1578607103
155	291	1578607174
213	110	1578608338
165	237	1578608460
134	294	1578609574
90	15	1578609764
54	83	1578610359
225	87	1578610517
78	39	1578610665
89	205	1578611447
41	280	1578612363
128	76	1578612825
225	133	1578612833
109	104	1578612883
197	261	1578613729
134	131	1578614005
110	66	1578614169
156	85	1578614246
263	148	1578615281
97	49	1578615518
191	121	1578615696
258	283	1578615958
254	137	1578617151
87	81	1578617217
172	54	1578617639
42	2	1578618290
13	128	1578618334
111	83	1578619197
261	284	1578619417
249	15	1578619792
292	190	1578620154
218	232	1578620454
180	47	1578621380
47	68	1578622903
216	165	1578622969
261	223	1578623751
13	28	1578624064
100	121	1578624346
259	75	1578624644
131	199	1578625070
170	280	1578625202
203	205	1578625413
203	287	1578625509
75	237	1578627298
235	259	1578627663
58	180	1578628944
278	218	1578629498
216	20	1578629931
102	240	1578629943
192	295	1578630975
0	9	1578631543
203	9	1578632006
254	277	1578632388
60	78	1578632470
278	45	1578633064
229	146	1578633331
231	243	1578633872
198	115	1578633966
77	293	1578635005
93	115	1578636345
155	102	1578636860
299	253	1578637225
149	110	1578637243
18	289	1578637478
108	115	1578637801
31	295	1578637861
172	198	1578637936
263	130	1578638549
291	76	1578639185
0	49	1578639256
40	224	1578639387
179	64	1578639524
153	115	1578639880
87	41	1578640088
250	101	1578640174
297	258	1578640329
297	224	1578640499
160	36	1578640654
152	83	1578641007
8	280	1578641311
186	265	1578641558
131	144	1578641825
268	49	1578641908
215	134	1578641956
159	279	1578643051
290	147	1578643097
186	184	1578643173
133	72	1578644143
101	133	1578644229
75	246	1578644250
20	260	1578644569
115	32	1578645034
294	168	1578645043
152	33	1578645121
215	62	1578645876
218	101	1578646453
108	7	1578646639
180	146	1578646797
260	205	1578647171
110	259	1578647761
97	205	1578648627
18	291	1578648713
290	54	1578648740
294	232	1578649215
251	190	1578649571
156	30	1578650185
295	56	1578650374
50	233	1578650631
192	243	1578651109
217	237	1578651342
299	208	1578651637
278	121	1578652486
137	277	1578652959
170	233	1578653003
203	97	1578653072
116	126	1578653652
11	233	1578654077
215	205	1578654386
159	116	1578654507
28	49	1578655952
147	115	1578656074
64	68	1578656582
180	110	1578657349
282	12	1578657554
252	60	1578657852
284	283	1578658146
69	221	1578658489
58	229	1578658752
149	182	1578658940
184	237	1578659833
20	196	1578660481
13	192	1578661308
99	293	1578661467
292	77	1578661574
261	250	1578661616
175	231	1578661955
265	114	1578662570
45	237	1578662849
45	156	1578663204
64	7	1578663405
110	75	1578663434
127	273	1578663454
225	114	1578663455
8	153	1578663671
77	110	1578663825
127	136	1578663970
254	224	1578664066
41	282	1578664518
46	234	1578665271
144	116	1578666291
134	165	1578666501
263	140	1578666869
43	249	1578666952
24	268	1578667328
126	56	1578667583
183	190	1578668002
159	69	1578670108
69	56	1578670250
35	89	1578670700
76	265	1578671089
216	205	1578671248
278	89	1578672125
172	280	1578672292
203	49	1578672662
69	51	1578673533
152	284	1578673655
215	20	1578674195
241	243	1578674876
31	114	1578675252
249	289	1578675381
146	246	1578675682
241	49	1578675838
131	159	1578676091
53	56	1578676266
66	97	1578676496
39	118	1578676585
140	2	1578677746
131	53	1578678492
140	97	1578679253
9	287	1578679613
181	247	1578679750
54	280	1578680167
136	273	1578681019
119	227	1578681065
225	19	1578681136
69	116	1578681543
210	241	1578681593
272	241	1578681612
78	243	1578682010
89	184	1578682402
181	72	1578682412
140	287	1578683275
155	89	1578683465
127	150	1578684203
137	33	1578684584
68	168	1578685588
223	72	1578685968
272	52	1578686050
110	190	1578686561
61	220	1578686832
108	93	1578687080
67	147	1578687104
77	190	1578689290
275	101	1578690415
222	114	1578690577
95	115	1578690941
17	56	1578690943
136	240	1578690956
292	155	1578691167
143	243	1578691339
132	172	1578691381
147	198	1578692984
52	241	1578693571
47	166	1578694994
207	111	1578695144
69	53	1578695812
169	247	1578696084
192	119	1578696904
153	204	1578697150
257	276	1578697780
182	202	1578698037
272	234	1578698765
46	241	1578698950
100	280	1578698987
111	40	1578699562
53	199	1578700133
58	146	1578700235
81	114	1578700292
